CAS,Name,Location,Stock
67-56-1,Methanol,Shelf A-1,4 L
64-17-5,Ethanol absolute,Shelf A-1,2.5 L*2
67-64-1,Acetone,Shelf A-2,4 L
75-09-2,Dichloromethane,Shelf A-2,4 L*3
109-99-9,Tetrahydrofuran,Solvent cabinet,1 L
110-54-3,n-Hexane,Solvent cabinet,4 L
108-88-3,Toluene,Solvent cabinet,2.5 L
141-78-6,Ethyl acetate,Shelf A-3,4 L*2
68-12-2,"N,N-Dimethylformamide",Shelf A-3,1 L
67-68-5,Dimethyl sulfoxide,Shelf A-3,500 mL
7647-01-0,Hydrochloric acid 37%,Acid cabinet,2.5 L
7664-93-9,Sulfuric acid 98%,Acid cabinet,2.5 L
1310-73-2,Sodium hydroxide,Shelf B-1,1 KG
7647-14-5,Sodium chloride,Shelf B-1,500 G
144-55-8,Sodium bicarbonate,Shelf B-1,500 G
7487-88-9,Magnesium sulfate anhydrous,Shelf B-2,1 KG
7757-82-6,Sodium sulfate anhydrous,Shelf B-2,500 G
71-43-2,Benzene,Solvent cabinet,1 L
110-86-1,Pyridine,Shelf B-3,500 mL
121-44-8,Triethylamine,Shelf B-3,500 mL
100-52-7,Benzaldehyde,Shelf C-1,250 G
65-85-0,Benzoic acid,Shelf C-1,500 G
108-95-2,Phenol,Shelf C-1,250 G
62-53-3,Aniline,Shelf C-2,250 mL
98-88-4,Benzoyl chloride,Shelf C-2,100 mL
