CAS,上層藥品名稱,廠牌,數量
67-56-1,Methanol,ACROS,4 L
64-17-5,Ethanol absolute,MERCK,2.5 L*2
67-64-1,Acetone,ACROS,4 L
75-09-2,Dichloromethane,TEDIA,4 L*3
109-99-9,Tetrahydrofuran,ALDRICH,1 L
110-54-3,n-Hexane,TEDIA,4 L
108-88-3,Toluene,ACROS,2.5 L
141-78-6,Ethyl acetate,TEDIA,4 L*2
68-12-2,"N,N-Dimethylformamide",ACROS,1 L
67-68-5,Dimethyl sulfoxide,TCI,500 mL
7647-01-0,Hydrochloric acid 37%,MERCK,2.5 L
1310-73-2,Sodium hydroxide,SHOWA,1 KG
7487-88-9,Magnesium sulfate anhydrous,ACROS,1 KG
110-86-1,Pyridine,TCI,500 mL
121-44-8,Triethylamine,ALFA,500 mL
